{
  "properties": {
    "connectionReferences": {
      "shared_sharepointonline": {
        "runtimeSource": "embedded",
        "connection": {},
        "api": {
          "name": "shared_sharepointonline"
        }
      },
      "shared_adobepdftools": {
        "runtimeSource": "embedded",
        "connection": {},
        "api": {
          "name": "shared_adobepdftools"
        }
      }
    },
    "definition": {
      "$schema": "https://schema.management.azure.com/providers/Microsoft.Logic/schemas/2016-06-01/workflowdefinition.json#",
      "contentVersion": "1.0.0.0",
      "parameters": {
        "$connections": {
          "defaultValue": {},
          "type": "Object"
        },
        "$authentication": {
          "defaultValue": {},
          "type": "SecureObject"
        },
        "Drop off site (dev_Dropoffsite)": {
          "defaultValue": "https://pucelikenterprise.sharepoint.com/teams/Accounting",
          "type": "String",
          "metadata": {
            "schemaName": "dev_Dropoffsite",
            "description": "The site containing a drop off library for the document"
          }
        },
        "Drop off library (dev_Dropofflibrary)": {
          "defaultValue": "6082e845-5fa0-482c-bfb3-8119676e33a8",
          "type": "String",
          "metadata": {
            "schemaName": "dev_Dropofflibrary",
            "description": "The library in the site where a document is placed to be split."
          }
        },
        "Destination site (dev_Destinationsite)": {
          "defaultValue": "https://pucelikenterprise.sharepoint.com/teams/Accounting",
          "type": "String",
          "metadata": {
            "schemaName": "dev_Destinationsite",
            "description": "The site containing the destination library where split documents will be saved."
          }
        },
        "Destination Library (dev_DestinationLibrary)": {
          "defaultValue": "9f4ca543-16c4-42b3-ba78-1f99a9e93306",
          "type": "String",
          "metadata": {
            "schemaName": "dev_DestinationLibrary",
            "description": "The library in the destination site where split documents will be saved."
          }
        },
        "Model Name (dev_ModelName)": {
          "defaultValue": "invoicesplitting",
          "type": "String",
          "metadata": {
            "schemaName": "dev_ModelName",
            "description": "The name of the model that was published in Forms Recognizer"
          }
        },
        "Subscription key (dev_Subscriptionkey)": {
          "defaultValue": "904306daf89d4e57b13a46b1bbc7ae42",
          "type": "String",
          "metadata": {
            "schemaName": "dev_Subscriptionkey",
            "description": "The key associated to the resource group where the model was published in Azure"
          }
        }
      },
      "triggers": {
        "When_a_file_is_created_in_a_folder_(deprecated)": {
          "recurrence": {
            "interval": 1,
            "frequency": "Minute"
          },
          "metadata": {
            "%252fInvoice%2bDrop%2bOff": "/Invoice Drop Off",
            "operationMetadataId": "301bdb4d-bd90-43fb-bc9c-d5240d87cbb3"
          },
          "type": "OpenApiConnection",
          "inputs": {
            "host": {
              "connectionName": "shared_sharepointonline",
              "operationId": "OnNewFile",
              "apiId": "/providers/Microsoft.PowerApps/apis/shared_sharepointonline"
            },
            "parameters": {
              "dataset": "@parameters('Drop off site (dev_Dropoffsite)')",
              "folderId": "@parameters('Drop off library (dev_Dropofflibrary)')",
              "inferContentType": true
            },
            "authentication": "@parameters('$authentication')"
          }
        }
      },
      "actions": {
        "FormsRecognizer": {
          "runAfter": {},
          "metadata": {
            "operationMetadataId": "7ada183f-0cb3-4359-8dc6-cb3eb053fe05"
          },
          "type": "Http",
          "inputs": {
            "method": "POST",
            "uri": "https://eastus.api.cognitive.microsoft.com/formrecognizer/documentClassifiers/@{parameters('Model Name (dev_ModelName)')}:analyze?api-version=2023-02-28-preview",
            "headers": {
              "Ocp-Apim-Subscription-Key": "@parameters('Subscription key (dev_Subscriptionkey)')"
            },
            "body": "@triggerOutputs()?['body']"
          }
        },
        "Compose": {
          "runAfter": {
            "FormsRecognizer": [
              "Succeeded"
            ]
          },
          "metadata": {
            "operationMetadataId": "d93efeca-0d1b-40ff-8006-5bea3d1a9d8f"
          },
          "type": "Compose",
          "inputs": "@outputs('FormsRecognizer')['Headers']?['Operation-Location']"
        },
        "Delay": {
          "runAfter": {
            "Compose": [
              "Succeeded"
            ]
          },
          "metadata": {
            "operationMetadataId": "7b624970-8806-43b9-acb3-abd1287fdf5c"
          },
          "type": "Wait",
          "inputs": {
            "interval": {
              "count": 30,
              "unit": "Second"
            }
          }
        },
        "HTTP": {
          "runAfter": {
            "Delay": [
              "Succeeded"
            ]
          },
          "metadata": {
            "operationMetadataId": "153dc5cc-2912-4b5f-827b-818a761ffb38"
          },
          "type": "Http",
          "inputs": {
            "method": "GET",
            "uri": "@{outputs('Compose')}",
            "headers": {
              "Ocp-Apim-Subscription-Key": "@parameters('Subscription key (dev_Subscriptionkey)')"
            }
          }
        },
        "Parse_JSON": {
          "runAfter": {
            "HTTP": [
              "Succeeded"
            ]
          },
          "metadata": {
            "operationMetadataId": "07c6276f-baab-46b8-ada8-916287b4e8c3"
          },
          "type": "ParseJson",
          "inputs": {
            "content": "@body('HTTP')",
            "schema": {
              "type": "object",
              "properties": {
                "status": {
                  "type": "string"
                },
                "createdDateTime": {
                  "type": "string"
                },
                "lastUpdatedDateTime": {
                  "type": "string"
                },
                "analyzeResult": {
                  "type": "object",
                  "properties": {
                    "apiVersion": {
                      "type": "string"
                    },
                    "stringIndexType": {
                      "type": "string"
                    },
                    "content": {
                      "type": "string"
                    },
                    "pages": {
                      "type": "array",
                      "items": {
                        "type": "object",
                        "properties": {
                          "pageNumber": {
                            "type": "number"
                          },
                          "angle": {
                            "type": "number"
                          },
                          "width": {
                            "type": "number"
                          },
                          "height": {
                            "type": "number"
                          },
                          "unit": {
                            "type": "string"
                          },
                          "words": {
                            "type": "array"
                          },
                          "lines": {
                            "type": "array"
                          },
                          "spans": {
                            "type": "array",
                            "items": {
                              "type": "object",
                              "properties": {
                                "offset": {
                                  "type": "number"
                                },
                                "length": {
                                  "type": "number"
                                }
                              },
                              "required": [
                                "offset",
                                "length"
                              ]
                            }
                          },
                          "kind": {
                            "type": "string"
                          }
                        },
                        "required": [
                          "pageNumber",
                          "angle",
                          "width",
                          "height",
                          "unit",
                          "words",
                          "lines",
                          "spans",
                          "kind"
                        ]
                      }
                    },
                    "documents": {
                      "type": "array",
                      "items": {
                        "type": "object",
                        "properties": {
                          "docType": {
                            "type": "string"
                          },
                          "boundingRegions": {
                            "type": "array",
                            "items": {
                              "type": "object",
                              "properties": {
                                "pageNumber": {
                                  "type": "number"
                                },
                                "polygon": {
                                  "type": "array"
                                }
                              },
                              "required": [
                                "pageNumber",
                                "polygon"
                              ]
                            }
                          },
                          "fields": {
                            "type": "object",
                            "properties": {}
                          },
                          "confidence": {
                            "type": "number"
                          },
                          "spans": {
                            "type": "array",
                            "items": {
                              "type": "object",
                              "properties": {
                                "offset": {
                                  "type": "number"
                                },
                                "length": {
                                  "type": "number"
                                }
                              },
                              "required": [
                                "offset",
                                "length"
                              ]
                            }
                          }
                        },
                        "required": [
                          "docType",
                          "boundingRegions",
                          "fields",
                          "confidence",
                          "spans"
                        ]
                      }
                    }
                  }
                }
              }
            }
          }
        },
        "DocType": {
          "runAfter": {
            "Parse_JSON": [
              "Succeeded"
            ]
          },
          "metadata": {
            "operationMetadataId": "adba6e53-00be-4892-b9e9-897ec3811767"
          },
          "type": "InitializeVariable",
          "inputs": {
            "variables": [
              {
                "name": "DocType",
                "type": "string",
                "value": "blank"
              }
            ]
          }
        },
        "StartPage": {
          "runAfter": {
            "DocType": [
              "Succeeded"
            ]
          },
          "metadata": {
            "operationMetadataId": "827c7c4e-abd4-4ffd-844d-f16df85b47a2"
          },
          "type": "InitializeVariable",
          "inputs": {
            "variables": [
              {
                "name": "StartPage",
                "type": "integer",
                "value": 0
              }
            ]
          }
        },
        "EndPage": {
          "runAfter": {
            "StartPage": [
              "Succeeded"
            ]
          },
          "metadata": {
            "operationMetadataId": "62bf5eac-7d77-499f-ad07-fa99144376df"
          },
          "type": "InitializeVariable",
          "inputs": {
            "variables": [
              {
                "name": "EndPage",
                "type": "integer",
                "value": 1
              }
            ]
          }
        },
        "Apply_to_each_3": {
          "foreach": "@body('Parse_JSON')?['analyzeResult']?['documents']",
          "actions": {
            "Condition_2": {
              "actions": {
                "Set_variable_4": {
                  "runAfter": {},
                  "metadata": {
                    "operationMetadataId": "3db187a4-d4bc-4434-8ae6-8d4a3295248b"
                  },
                  "type": "SetVariable",
                  "inputs": {
                    "name": "DocType",
                    "value": "@items('Apply_to_each_3')?['docType']"
                  }
                },
                "Increment_variable_3": {
                  "runAfter": {
                    "Set_variable_4": [
                      "Succeeded"
                    ]
                  },
                  "metadata": {
                    "operationMetadataId": "d99c889c-eb9c-4e4d-8e94-981b8a1f8705"
                  },
                  "type": "IncrementVariable",
                  "inputs": {
                    "name": "StartPage",
                    "value": 1
                  }
                }
              },
              "runAfter": {},
              "else": {
                "actions": {
                  "Condition": {
                    "actions": {
                      "Increment_variable": {
                        "runAfter": {},
                        "metadata": {
                          "operationMetadataId": "fe344265-59e2-47aa-a5c7-42a2f476b0b4"
                        },
                        "type": "IncrementVariable",
                        "inputs": {
                          "name": "EndPage",
                          "value": 1
                        }
                      }
                    },
                    "runAfter": {},
                    "else": {
                      "actions": {
                        "Apply_to_each": {
                          "foreach": "@outputs('Split_PDF_2')?['body/documents']",
                          "actions": {
                            "Create_file": {
                              "runAfter": {},
                              "metadata": {
                                "operationMetadataId": "82aa15a2-4a42-42c3-8928-889cb05e7cec"
                              },
                              "type": "OpenApiConnection",
                              "inputs": {
                                "host": {
                                  "connectionName": "shared_sharepointonline",
                                  "operationId": "CreateFile",
                                  "apiId": "/providers/Microsoft.PowerApps/apis/shared_sharepointonline"
                                },
                                "parameters": {
                                  "dataset": "@parameters('Destination site (dev_Destinationsite)')",
                                  "folderPath": "/@{parameters('Destination Library (dev_DestinationLibrary)')}",
                                  "name": "@items('Apply_to_each')?['fileName']",
                                  "body": "@items('Apply_to_each')?['fileContent']"
                                },
                                "authentication": "@parameters('$authentication')"
                              },
                              "runtimeConfiguration": {
                                "contentTransfer": {
                                  "transferMode": "Chunked"
                                }
                              }
                            }
                          },
                          "runAfter": {
                            "Split_PDF_2": [
                              "Succeeded"
                            ]
                          },
                          "metadata": {
                            "operationMetadataId": "4d29f195-309d-47b7-9bf6-21d6e7789a67"
                          },
                          "type": "Foreach"
                        },
                        "Split_PDF_2": {
                          "runAfter": {},
                          "metadata": {
                            "operationMetadataId": "6c5a1e5b-be6d-4bd9-a0d5-f4949c9c15f6"
                          },
                          "type": "OpenApiConnection",
                          "inputs": {
                            "host": {
                              "connectionName": "shared_adobepdftools",
                              "operationId": "SplitPDF",
                              "apiId": "/providers/Microsoft.PowerApps/apis/shared_adobepdftools"
                            },
                            "parameters": {
                              "inputFileName": "@{guid()}_@{variables('DocType')}.pdf",
                              "splitByType": "PageRangeArray",
                              "splitConfiguration": "@{variables('StartPage')}-@{variables('EndPage')}",
                              "InputFile0/body": "@triggerOutputs()?['body']"
                            },
                            "authentication": "@parameters('$authentication')"
                          }
                        },
                        "Set_variable": {
                          "runAfter": {
                            "Apply_to_each": [
                              "Succeeded"
                            ]
                          },
                          "metadata": {
                            "operationMetadataId": "1bbd71b6-1eb7-4e37-9c6b-322c9e452d9c"
                          },
                          "type": "SetVariable",
                          "inputs": {
                            "name": "DocType",
                            "value": "@items('Apply_to_each_3')?['docType']"
                          }
                        },
                        "Set_variable_2": {
                          "runAfter": {
                            "Increment_variable_2": [
                              "Succeeded"
                            ]
                          },
                          "metadata": {
                            "operationMetadataId": "1630dee0-800f-44dd-9b38-7385d332d669"
                          },
                          "type": "SetVariable",
                          "inputs": {
                            "name": "StartPage",
                            "value": "@variables('EndPage')"
                          }
                        },
                        "Increment_variable_2": {
                          "runAfter": {
                            "Set_variable": [
                              "Succeeded"
                            ]
                          },
                          "metadata": {
                            "operationMetadataId": "a356e575-4a07-4074-aeb4-c1654850b9e5"
                          },
                          "type": "IncrementVariable",
                          "inputs": {
                            "name": "EndPage",
                            "value": 1
                          }
                        }
                      }
                    },
                    "expression": {
                      "equals": [
                        "@variables('DocType')",
                        "@items('Apply_to_each_3')?['docType']"
                      ]
                    },
                    "metadata": {
                      "operationMetadataId": "d4e69f81-2109-4f90-ae5d-fad7f458a73d"
                    },
                    "type": "If"
                  }
                }
              },
              "expression": {
                "equals": [
                  "@variables('StartPage')",
                  0
                ]
              },
              "metadata": {
                "operationMetadataId": "4e5f3b25-b768-4e84-9cc4-e585dfb6edb2"
              },
              "type": "If"
            }
          },
          "runAfter": {
            "EndPage": [
              "Succeeded"
            ]
          },
          "metadata": {
            "operationMetadataId": "91f7139c-abef-42d2-881e-1ccee368380d"
          },
          "type": "Foreach"
        },
        "Split_PDF": {
          "runAfter": {
            "Apply_to_each_3": [
              "Succeeded"
            ]
          },
          "metadata": {
            "operationMetadataId": "b9010d19-5cf6-4f02-ba04-5191fdf3d3c2"
          },
          "type": "OpenApiConnection",
          "inputs": {
            "host": {
              "connectionName": "shared_adobepdftools",
              "operationId": "SplitPDF",
              "apiId": "/providers/Microsoft.PowerApps/apis/shared_adobepdftools"
            },
            "parameters": {
              "inputFileName": "@{guid()}_@{variables('DocType')}.pdf",
              "splitByType": "PageRangeArray",
              "splitConfiguration": "@{variables('StartPage')}-@{variables('EndPage')}",
              "InputFile0/body": "@triggerOutputs()?['body']"
            },
            "authentication": "@parameters('$authentication')"
          }
        },
        "Apply_to_each_2": {
          "foreach": "@outputs('Split_PDF')?['body/documents']",
          "actions": {
            "Create_file_2": {
              "runAfter": {},
              "metadata": {
                "operationMetadataId": "98d7c1ec-7cd8-4188-b6fc-5783b9993c01"
              },
              "type": "OpenApiConnection",
              "inputs": {
                "host": {
                  "connectionName": "shared_sharepointonline",
                  "operationId": "CreateFile",
                  "apiId": "/providers/Microsoft.PowerApps/apis/shared_sharepointonline"
                },
                "parameters": {
                  "dataset": "@parameters('Destination site (dev_Destinationsite)')",
                  "folderPath": "@parameters('Destination Library (dev_DestinationLibrary)')",
                  "name": "@items('Apply_to_each_2')?['fileName']",
                  "body": "@items('Apply_to_each_2')?['fileContent']"
                },
                "authentication": "@parameters('$authentication')"
              },
              "runtimeConfiguration": {
                "contentTransfer": {
                  "transferMode": "Chunked"
                }
              }
            }
          },
          "runAfter": {
            "Split_PDF": [
              "Succeeded"
            ]
          },
          "metadata": {
            "operationMetadataId": "97df01ad-953c-4bb9-89be-8ec6050b248a"
          },
          "type": "Foreach"
        }
      }
    },
    "templateName": ""
  },
  "schemaVersion": "1.0.0.0"
}